{
  "report_id": "REPORT_20251109211148",
  "title": "金融市场分析与投资建议报告",
  "generated_at": "2025-11-09 21:11:48",
  "user_profile": {
    "risk_profile": "balanced",
    "investment_horizon": "medium",
    "age": 35,
    "investment_experience": "intermediate"
  },
  "executive_summary": "本报告基于当前市场数据，提供全面的金融分析和个性化投资建议。\n\n市场概览：当前市场处于动态变化中，建议关注宏观经济指标和政策变化对市场的潜在影响。\n\n核心建议：采用股债平衡策略，选择成长性和价值型股票均衡配置，定期再平衡投资组合。",
  "market_analysis": {
    "market_trends": {
      "overall_outlook": "当前市场处于动态变化中，建议关注宏观经济指标和政策变化对市场的潜在影响。",
      "key_factors": [
        "全球经济增长放缓可能影响企业盈利",
        "通胀压力可能导致货币政策收紧",
        "地缘政治紧张局势可能引发市场波动",
        "行业监管变化可能影响特定板块"
      ],
      "sector_trends": []
    },
    "sector_performance": {},
    "key_metrics": {
      "inflation_concern": "中等",
      "interest_rate_outlook": "稳中有升",
      "market_valuation": "中性偏高",
      "geopolitical_risk": "中等"
    },
    "technical_analysis": {}
  },
  "investment_recommendations": {
    "personalized_advice": "作为平衡型投资者，我们建议您关注以下投资方向：",
    "asset_allocation": {
      "股票": 50,
      "债券": 35,
      "现金及等价物": 10,
      "另类资产": 5
    },
    "sector_focus": [
      "科技成长行业配置25%",
      "医药健康行业配置20%",
      "消费升级行业配置20%",
      "先进制造行业配置15%",
      "金融地产行业配置10%",
      "新能源行业配置10%"
    ],
    "investment_strategy": {
      "entry_exit": "逢低吸纳，波段操作，关注市场估值水平。",
      "timing": "",
      "risk_management": [
        "定期再平衡投资组合",
        "分散投资于不同行业"
      ]
    },
    "implementation_steps": [
      "评估当前投资组合状况",
      "根据建议调整资产配置比例",
      "选择合适的投资工具和产品",
      "设定投资目标和时间范围",
      "定期监控和再平衡投资组合"
    ]
  },
  "risk_assessment": {
    "market_risk_level": "中等",
    "recommended_position_size": "单个标的不超过总资产的5%",
    "risk_factors": [
      "行业集中风险"
    ],
    "mitigation_strategies": [
      "跨行业配置，定期再平衡"
    ]
  },
  "conclusion": "综上所述，当前市场环境下，我们建议您：\n1. 维持股债平衡的投资组合\n2. 关注业绩稳定、估值合理的优质企业\n3. 适当参与成长性行业的投资机会\n4. 定期再平衡，控制单一资产风险\n\n投资有风险，入市需谨慎。本报告仅供参考，不构成任何投资建议。"
}