{
  "report_id": "REPORT_20251109212223",
  "title": "金融市场分析与投资建议报告",
  "generated_at": "2025-11-09 21:22:23",
  "user_profile": {
    "risk_profile": "aggressive",
    "investment_horizon": "medium",
    "age": 35,
    "investment_experience": "advanced",
    "investment_goals": ""
  },
  "executive_summary": "本报告基于当前市场数据，提供全面的金融分析和个性化投资建议。\n\n市场概览：当前市场处于动态变化中，建议关注宏观经济指标和政策变化对市场的潜在影响。\n\n核心建议：可以适当提高权益类资产配置，关注高成长性行业和个股，但需注意风险控制。",
  "market_analysis": {
    "market_trends": {
      "overall_outlook": "当前市场处于动态变化中，建议关注宏观经济指标和政策变化对市场的潜在影响。",
      "key_factors": [
        "全球经济增长放缓可能影响企业盈利",
        "通胀压力可能导致货币政策收紧",
        "地缘政治紧张局势可能引发市场波动",
        "行业监管变化可能影响特定板块"
      ],
      "sector_trends": []
    },
    "sector_performance": {},
    "key_metrics": {
      "inflation_concern": "中等",
      "interest_rate_outlook": "稳中有升",
      "market_valuation": "中性偏高",
      "geopolitical_risk": "中等"
    },
    "technical_analysis": {}
  },
  "investment_recommendations": {
    "personalized_advice": "作为进取型投资者，我们建议您关注以下投资方向：",
    "asset_allocation": {
      "股票": 70,
      "债券": 15,
      "现金及等价物": 5,
      "另类资产": 10
    },
    "sector_focus": [
      "科技创新行业配置30%",
      "新能源行业配置20%",
      "高端制造行业配置15%",
      "医药创新行业配置15%",
      "消费电子行业配置10%",
      "其他成长行业配置10%"
    ],
    "investment_strategy": {
      "entry_exit": "把握市场热点轮动机会，灵活调整仓位，设置止盈止损。",
      "timing": "",
      "risk_management": [
        "设置止损策略",
        "关注市场估值水平"
      ]
    },
    "implementation_steps": [
      "评估当前投资组合状况",
      "根据建议调整资产配置比例",
      "选择合适的投资工具和产品",
      "设定投资目标和时间范围",
      "定期监控和再平衡投资组合"
    ]
  },
  "risk_assessment": {
    "market_risk_level": "中等",
    "recommended_position_size": "单个标的不超过总资产的10%",
    "risk_factors": [
      "个股波动风险"
    ],
    "mitigation_strategies": [
      "设置严格止损，关注流动性"
    ]
  },
  "conclusion": "综上所述，当前市场环境下，我们建议您：\n1. 把握市场结构性机会\n2. 重点关注科技创新和高成长领域\n3. 采用波段操作策略，提高资金利用效率\n4. 设置严格止损，控制下行风险\n\n投资有风险，入市需谨慎。本报告仅供参考，不构成任何投资建议。"
}